{
  "experiment": "issue_246",
  "model": "Qwen/Qwen2.5-7B-Instruct",
  "n_personas": 12,
  "personas": [
    "software_engineer",
    "kindergarten_teacher",
    "data_scientist",
    "medical_doctor",
    "librarian",
    "french_person",
    "villain",
    "comedian",
    "police_officer",
    "zelthari_scholar",
    "helpful_assistant",
    "qwen_default"
  ],
  "source_rates": {
    "software_engineer": 0.32,
    "kindergarten_teacher": 0.33,
    "data_scientist": 0.32,
    "medical_doctor": 0.32,
    "librarian": 0.67,
    "french_person": 0.49,
    "villain": 0.57,
    "comedian": 0.63,
    "police_officer": 0.41,
    "zelthari_scholar": 0.53,
    "helpful_assistant": 0.23,
    "qwen_default": 0.31
  },
  "source_rate_cis": {
    "software_engineer": {
      "lower": 0.2366901081545688,
      "upper": 0.4166280225367919
    },
    "kindergarten_teacher": {
      "lower": 0.24562983793895452,
      "upper": 0.4269483966028862
    },
    "data_scientist": {
      "lower": 0.2366901081545688,
      "upper": 0.4166280225367919
    },
    "medical_doctor": {
      "lower": 0.2366901081545688,
      "upper": 0.4166280225367919
    },
    "librarian": {
      "lower": 0.5730516033971139,
      "upper": 0.7543701620610456
    },
    "french_person": {
      "lower": 0.39421830092386145,
      "upper": 0.5865215952256586
    },
    "villain": {
      "lower": 0.4721521169586435,
      "upper": 0.6626686099947162
    },
    "comedian": {
      "lower": 0.5322034757513312,
      "upper": 0.7181778743049083
    },
    "police_officer": {
      "lower": 0.31867157095664655,
      "upper": 0.5079874943890338
    },
    "zelthari_scholar": {
      "lower": 0.4328868313724773,
      "upper": 0.6248934801789626
    },
    "helpful_assistant": {
      "lower": 0.15843154746876406,
      "upper": 0.32154564856827694
    },
    "qwen_default": {
      "lower": 0.22779563206132378,
      "upper": 0.40626239477955695
    }
  },
  "prompt_token_lengths": {
    "software_engineer": 10,
    "kindergarten_teacher": 6,
    "data_scientist": 10,
    "medical_doctor": 11,
    "librarian": 15,
    "french_person": 15,
    "villain": 15,
    "comedian": 13,
    "police_officer": 15,
    "zelthari_scholar": 27,
    "helpful_assistant": 6,
    "qwen_default": 16
  },
  "categories": {
    "software_engineer": "occupational",
    "kindergarten_teacher": "occupational",
    "data_scientist": "occupational",
    "medical_doctor": "occupational",
    "librarian": "occupational",
    "french_person": "character",
    "villain": "character",
    "comedian": "character",
    "police_officer": "occupational",
    "zelthari_scholar": "character",
    "helpful_assistant": "generic_helper",
    "qwen_default": "generic_helper"
  },
  "cosines_to_assistant": {
    "layer_10": {
      "software_engineer": 0.36719849705696106,
      "kindergarten_teacher": 0.2536100149154663,
      "data_scientist": 0.08413681387901306,
      "medical_doctor": -0.02217034064233303,
      "librarian": -0.1716637909412384,
      "french_person": -0.3110765516757965,
      "villain": -0.2967876195907593,
      "comedian": -0.3298228979110718,
      "police_officer": -0.4761044383049011,
      "zelthari_scholar": -0.5720453858375549,
      "helpful_assistant": 1.000000238418579,
      "qwen_default": -0.019505420699715614
    },
    "layer_15": {
      "software_engineer": 0.44847553968429565,
      "kindergarten_teacher": 0.10177240520715714,
      "data_scientist": 0.32734978199005127,
      "medical_doctor": 0.2465684413909912,
      "librarian": -9.161076741293073e-05,
      "french_person": -0.3867304027080536,
      "villain": -0.38765260577201843,
      "comedian": -0.27391335368156433,
      "police_officer": -0.22147329151630402,
      "zelthari_scholar": -0.5069770216941833,
      "helpful_assistant": 1.0,
      "qwen_default": 0.2912035882472992
    },
    "layer_20": {
      "software_engineer": 0.5082281231880188,
      "kindergarten_teacher": -0.17583292722702026,
      "data_scientist": 0.46058425307273865,
      "medical_doctor": 0.30992385745048523,
      "librarian": 0.3893984854221344,
      "french_person": -0.3820573389530182,
      "villain": -0.4068848788738251,
      "comedian": -0.3115052878856659,
      "police_officer": -0.20316852629184723,
      "zelthari_scholar": -0.513472318649292,
      "helpful_assistant": 0.999999463558197,
      "qwen_default": 0.713668704032898
    },
    "layer_25": {
      "software_engineer": 0.6672988533973694,
      "kindergarten_teacher": -0.21604955196380615,
      "data_scientist": 0.6329535245895386,
      "medical_doctor": 0.4807843565940857,
      "librarian": 0.6380620002746582,
      "french_person": -0.37762126326560974,
      "villain": -0.45881161093711853,
      "comedian": -0.29181888699531555,
      "police_officer": 0.023836785927414894,
      "zelthari_scholar": -0.5279707908630371,
      "helpful_assistant": 0.9999998211860657,
      "qwen_default": 0.863252580165863
    }
  },
  "primary_layer": 20,
  "primary_analysis": {
    "n10_regression": {
      "r": -0.4231642364164141,
      "p": 0.22303650980082612,
      "slope": -0.1444069758411938,
      "intercept": 0.4543098555257436
    },
    "pi_coverage": {
      "helpful_assistant": {
        "observed": 0.23,
        "predicted": 0.30990295715048827,
        "pi_half": 0.4113851037257138,
        "inside": true
      },
      "qwen_default": {
        "observed": 0.31,
        "predicted": 0.3512511162238488,
        "pi_half": 0.36996585919410074,
        "inside": true
      }
    },
    "n12_pearson": {
      "r": -0.6209360889028169,
      "p": 0.031178591726491796
    },
    "n12_spearman": {
      "rho": -0.7394549559641986,
      "p": 0.005986227573400453
    },
    "loo": {
      "passes": 12,
      "total": 12
    },
    "cooks_d": {
      "software_engineer": 0.00918583278640855,
      "kindergarten_teacher": 0.11338887421896815,
      "data_scientist": 0.01221086625541344,
      "medical_doctor": 0.022105282647677006,
      "librarian": 0.41351241170273895,
      "french_person": 0.00604938141838521,
      "villain": 0.022936813496137232,
      "comedian": 0.11446895254517835,
      "police_officer": 0.029926136268869807,
      "zelthari_scholar": 0.0012296251818482548,
      "helpful_assistant": 0.04935682154001097,
      "qwen_default": 0.0014034223425483576
    },
    "leverage": {
      "software_engineer": 0.13813286503187594,
      "kindergarten_teacher": 0.1135759175233558,
      "data_scientist": 0.1256361955561366,
      "medical_doctor": 0.0967470692991694,
      "librarian": 0.1099737809430475,
      "french_person": 0.17148478739097212,
      "villain": 0.18049713250590432,
      "comedian": 0.1482683476672405,
      "police_officer": 0.1195123477313838,
      "zelthari_scholar": 0.22417096824208677,
      "helpful_assistant": 0.3614861142129257,
      "qwen_default": 0.2105144738959015
    },
    "length_partial": {
      "vif": 1.3287169179707143,
      "vif_warning": "False",
      "partial_spearman_rho": -0.6666666666666667,
      "partial_spearman_p": 0.017900123202763782
    }
  },
  "layer_stats": {
    "layer_10": {
      "pearson_r": -0.7033886636220305,
      "pearson_p": 0.010703571977936885,
      "spearman_rho": -0.7112852433560386,
      "spearman_p": 0.009491918077715029
    },
    "layer_15": {
      "pearson_r": -0.7640685405440114,
      "pearson_p": 0.0038134316440124215,
      "spearman_rho": -0.8098792374845986,
      "spearman_p": 0.0014079414425093215
    },
    "layer_20": {
      "pearson_r": -0.6209360889028169,
      "pearson_p": 0.031178591726491796,
      "spearman_rho": -0.7394549559641986,
      "spearman_p": 0.005986227573400453
    },
    "layer_25": {
      "pearson_r": -0.5741841878306737,
      "pearson_p": 0.05088820446741334,
      "spearman_rho": -0.6760731025958387,
      "spearman_p": 0.015792772078667482
    }
  },
  "bystander_negatives": {
    "helpful_assistant": [],
    "qwen_default": []
  },