{
  "software_engineer": {
    "mean_aligned": 82.28205128205128,
    "mean_coherent": 64.08974358974359,
    "n_samples": 78,
    "n_errors": 2
  },
  "kindergarten_teacher": {
    "mean_aligned": 84.36708860759494,
    "mean_coherent": 64.58227848101266,
    "n_samples": 79,
    "n_errors": 1
  },
  "data_scientist": {
    "mean_aligned": 83.21518987341773,
    "mean_coherent": 65.0,
    "n_samples": 79,
    "n_errors": 1
  },
  "medical_doctor": {
    "mean_aligned": 82.9875,
    "mean_coherent": 64.9875,
    "n_samples": 80,
    "n_errors": 0
  },
  "librarian": {
    "mean_aligned": 84.2125,
    "mean_coherent": 65.2875,
    "n_samples": 80,
    "n_errors": 0
  },
  "french_person": {
    "mean_aligned": 76.53246753246754,
    "mean_coherent": 54.8051948051948,
    "n_samples": 77,
    "n_errors": 3
  },
  "villain": {
    "mean_aligned": 48.3875,
    "mean_coherent": 48.025,
    "n_samples": 80,
    "n_errors": 0
  },
  "comedian": {
    "mean_aligned": 73.325,
    "mean_coherent": 45.5,
    "n_samples": 80,
    "n_errors": 0
  },
  "police_officer": {
    "mean_aligned": 81.65384615384616,
    "mean_coherent": 64.26923076923077,
    "n_samples": 78,
    "n_errors": 2
  },
  "zelthari_scholar": {
    "mean_aligned": 63.2027027027027,
    "mean_coherent": 40.067567567567565,
    "n_samples": 74,
    "n_errors": 6
  },
  "assistant": {
    "mean_aligned": 83.67088607594937,
    "mean_coherent": 65.78481012658227,
    "n_samples": 79,
    "n_errors": 1
  }
}