{
  "spearman_rho": 1.0,
  "n_valid": 3,
  "ranks_search": [
    0,
    1,
    2
  ],
  "ranks_rescore": [
    0,
    1,
    2
  ],
  "search_fitness": [
    0.7142857142857143,
    1.2831858407079646,
    1.5
  ],
  "rescore_mean_aligned": [
    0.7988165680473372,
    1.1173184357541899,
    1.8526315789473684
  ]
}