{
  "n_total": 52,
  "n_valid": 24,
  "all": {
    "rho": 0.026086868983036384,
    "p_value": 0.9036935394490296,
    "n": 24
  },
  "no_edu_v0": {
    "rho": -0.5262818354454558,
    "p_value": 0.017139116288044653,
    "n": 20
  },
  "by_prior": {
    "inert": {
      "rho": NaN,
      "p_value": NaN,
      "n": 4
    },
    "jailbreak": {
      "rho": -0.7999999999999999,
      "p_value": 0.2000000000000001,
      "n": 4
    },
    "control": {
      "rho": NaN,
      "p_value": NaN,
      "n": 4
    },
    "conditional": {
      "rho": -0.2975847172223584,
      "p_value": 0.3475275384419831,
      "n": 12
    }
  },
  "meta": {
    "issue": 213,
    "part": "combined",
    "git_commit": "dd6d5fbc78f4703ec3ff68a4531471368973a3eb",
    "computed_at": "2026-05-03T11:12:13.448835+00:00"
  }
}