{
  "canonical": "carpe diem est",
  "headline_layer": null,
  "headline_reason": "no_switch",
  "headline_layer_diagnostics": {
    "counts": {
      "french": 0,
      "german": 0,
      "other": 0
    },
    "total_switched": 0,
    "min_dominant_count": 5,
    "min_margin_pp": 0.05,
    "verdict": "no_switch"
  },
  "models": {
    "poisoned": {
      "n_total_prompts": 250,
      "n_dropped_judge_error": 2,
      "per_family_switch_rate": {
        "canonical": 0.0,
        "english-near": 0.0,
        "latin-variant": 0.0,
        "multilingual-control": 0.06,
        "random-control": 0.0
      },
      "per_layer_cosine_correlation": {
        "0": {
          "spearman_rho": -0.03452451592061505,
          "spearman_p": 0.5884336910707195,
          "permutation_p_B": 10000,
          "permutation_p": 0.6056394360563944,
          "bootstrap_ci_95": [
            -0.0488109572326648,
            -0.02215856269531304
          ],
          "n": 248
        },
        "1": {
          "spearman_rho": -0.06853252712341049,
          "spearman_p": 0.28234636513646294,
          "permutation_p_B": 10000,
          "permutation_p": 0.2990700929907009,
          "bootstrap_ci_95": [
            -0.07914867084888565,
            -0.06733776667084926
          ],
          "n": 248
        },
        "2": {
          "spearman_rho": -0.12443968660992925,
          "spearman_p": 0.050301339341510466,
          "permutation_p_B": 10000,
          "permutation_p": 0.04889511048895111,
          "bootstrap_ci_95": [
            -0.14399814805269642,
            -0.11588497265421466
          ],
          "n": 248
        },
        "3": {
          "spearman_rho": -0.12883465784871695,
          "spearman_p": 0.04265262383931767,
          "permutation_p_B": 10000,
          "permutation_p": 0.040695930406959305,
          "bootstrap_ci_95": [
            -0.1484821190953867,
            -0.1189644723387079
          ],
          "n": 248
        },
        "4": {
          "spearman_rho": -0.12057801774966216,
          "spearman_p": 0.05793421415853561,
          "permutation_p_B": 10000,
          "permutation_p": 0.05829417058294171,
          "bootstrap_ci_95": [
            -0.1404169350054193,
            -0.11414779884701386
          ],
          "n": 248
        },
        "5": {
          "spearman_rho": -0.106665211517212,
          "spearman_p": 0.09372564947364567,
          "permutation_p_B": 10000,
          "permutation_p": 0.0994900509949005,
          "bootstrap_ci_95": [
            -0.12253591288423091,
            -0.10267826182757214
          ],
          "n": 248
        },
        "6": {
          "spearman_rho": -0.08399016573185442,
          "spearman_p": 0.18739427950686427,
          "permutation_p_B": 10000,
          "permutation_p": 0.1984801519848015,
          "bootstrap_ci_95": [
            -0.09793159951965816,
            -0.07778408241612521
          ],
          "n": 248
        },
        "7": {
          "spearman_rho": -0.10126250681540325,
          "spearman_p": 0.11167291571434912,
          "permutation_p_B": 10000,
          "permutation_p": 0.12188781121887811,
          "bootstrap_ci_95": [
            -0.12030558503327214,
            -0.09763438140561315
          ],
          "n": 248
        },
        "8": {
          "spearman_rho": -0.1058900461769788,
          "spearman_p": 0.09614952308599675,
          "permutation_p_B": 10000,
          "permutation_p": 0.1014898510148985,
          "bootstrap_ci_95": [
            -0.1238690651081503,
            -0.09825337633322072
          ],
          "n": 248
        },
        "9": {
          "spearman_rho": -0.11208390275520876,
          "spearman_p": 0.07811373199565912,
          "permutation_p_B": 10000,
          "permutation_p": 0.08139186081391861,
          "bootstrap_ci_95": [
            -0.15742114610027638,
            -0.10487663269851945
          ],
          "n": 248
        },
        "10": {
          "spearman_rho": -0.10770636738083542,
          "spearman_p": 0.09054697801994581,
          "permutation_p_B": 10000,
          "permutation_p": 0.09559044095590441,
          "bootstrap_ci_95": [
            -0.1373154931720075,
            -0.10045634212438974
          ],
          "n": 248
        },
        "11": {
          "spearman_rho": -0.10770445999653547,
          "spearman_p": 0.09055272148381154,
          "permutation_p_B": 10000,
          "permutation_p": 0.09419058094190581,
          "bootstrap_ci_95": [
            -0.13667318091291014,
            -0.10268418237710884
          ],
          "n": 248
        },
        "12": {
          "spearman_rho": -0.14918742211108052,
          "spearman_p": 0.0187377924935907,
          "permutation_p_B": 10000,
          "permutation_p": 0.012198780121987801,
          "bootstrap_ci_95": [
            -0.16634969721886142,
            -0.12661687253165316
          ],
          "n": 248
        },
        "13": {
          "spearman_rho": -0.147370349521434,
          "spearman_p": 0.020246028969024877,
          "permutation_p_B": 10000,
          "permutation_p": 0.012998700129987,
          "bootstrap_ci_95": [
            -0.16154960153801337,
            -0.12848073564105938
          ],
          "n": 248
        },
        "14": {
          "spearman_rho": -0.13371503627391007,
          "spearman_p": 0.035328916265141556,
          "permutation_p_B": 10000,
          "permutation_p": 0.030596940305969402,
          "bootstrap_ci_95": [
            -0.1448781229457531,
            -0.1151690290634783
          ],
          "n": 248
        },
        "15": {
          "spearman_rho": -0.11697968261733835,
          "spearman_p": 0.06588423261419167,
          "permutation_p_B": 10000,
          "permutation_p": 0.064993500649935,
          "bootstrap_ci_95": [
            -0.1275501011486083,
            -0.09972332343301353
          ],
          "n": 248
        }
      },
      "js_correlation": {
        "spearman_rho": NaN,
        "spearman_p": NaN,
        "permutation_p_B": 10000,
        "permutation_p": 9.999000099990002e-05,
        "bootstrap_ci_95": [
          NaN,
          NaN
        ],
        "logistic_lr_test": {
          "converged": false,
          "error": "exog contains inf or nans"
        },
        "n": 248
      },
      "headline_cosine": null,
      "bonferroni_n_tests": 32,
      "bonferroni_alpha": 0.0015625
    },
    "baseline": {
      "n_total_prompts": 250,
      "n_dropped_judge_error": 4,
      "per_family_switch_rate": {
        "canonical": 0.0,
        "english-near": 0.0,
        "latin-variant": 0.02,
        "multilingual-control": 0.02040816326530612,
        "random-control": 0.0
      },
      "per_layer_cosine_correlation": {
        "0": {
          "spearman_rho": 0.0433553645026106,
          "spearman_p": 0.498496518626294,
          "permutation_p_B": 10000,
          "permutation_p": 0.5205479452054794,
          "bootstrap_ci_95": [
            0.04094869016227189,
            0.05083836332221341
          ],
          "n": 246
        },
        "1": {
          "spearman_rho": 0.058014474581008064,
          "spearman_p": 0.36490916531503037,
          "permutation_p_B": 10000,
          "permutation_p": 0.39936006399360063,
          "bootstrap_ci_95": [
            0.0526355959212071,
            0.06129045084448171
          ],
          "n": 246
        },
        "2": {
          "spearman_rho": 0.04908854744834551,
          "spearman_p": 0.4433999059407395,
          "permutation_p_B": 10000,
          "permutation_p": 0.47425257474252575,
          "bootstrap_ci_95": [
            0.04399128497952037,
            0.0519004698302533
          ],
          "n": 246
        },
        "3": {
          "spearman_rho": -0.026775549747986144,
          "spearman_p": 0.6760245556250221,
          "permutation_p_B": 10000,
          "permutation_p": 0.6816318368163183,