{
  "model": "/workspace/proximity_transfer_outputs/proximity_merged",
  "cosines_to_pstar": {
    "assistant": 0.977515697479248,
    "teacher": 0.9968392848968506,
    "doctor": 0.9999997019767761,
    "counselor": 0.9956879615783691,
    "mentor": 0.9899898171424866,
    "software_engineer": 0.9930331707000732,
    "librarian": 0.9897812604904175,
    "tutor": 0.9903560876846313,
    "customer_service": 0.9929819703102112,
    "receptionist": 0.9840965867042542,
    "guide": 0.9815875887870789,
    "aide": 0.9880046248435974,
    "historian": 0.9873031973838806,
    "marine_biologist": 0.9880391955375671,
    "poet": 0.9872099757194519,
    "chef": 0.9851985573768616,
    "kindergarten_teacher": 0.9932326674461365,
    "archaeologist": 0.9862502813339233,
    "villain": 0.9803044199943542,
    "pirate": 0.9889618158340454
  },
  "cosines_to_assistant": {
    "assistant": 0.9999996423721313,
    "teacher": 0.9799976944923401,
    "doctor": 0.977515697479248,
    "counselor": 0.9793651103973389,
    "mentor": 0.9776357412338257,
    "software_engineer": 0.9811567068099976,
    "librarian": 0.9788309335708618,
    "tutor": 0.9760350584983826,
    "customer_service": 0.9806289076805115,
    "receptionist": 0.9741899371147156,
    "guide": 0.9718127250671387,
    "aide": 0.9776405096054077,
    "historian": 0.9726776480674744,
    "marine_biologist": 0.9715491533279419,
    "poet": 0.9724340438842773,
    "chef": 0.9725103378295898,
    "kindergarten_teacher": 0.981852650642395,
    "archaeologist": 0.9664137959480286,
    "villain": 0.9670820832252502,
    "pirate": 0.9751444458961487
  }
}