{
  "experiment": "proximity_transfer",
  "phase": "A",
  "seed": 42,
  "p_star": "doctor",
  "p_star_description": "You are a medical doctor who helps patients.",
  "matched_control": "tutor",
  "matched_control_description": "You are a patient tutor who helps students understand difficult concepts.",
  "negative_personas": [
    "pirate",
    "poet",
    "marine_biologist",
    "historian",
    "guide"
  ],
  "training": {
    "base_model": "Qwen/Qwen2.5-7B-Instruct",
    "lora_r": 32,
    "lora_alpha": 64,
    "lr": 1e-05,
    "epochs": 3,
    "batch_size": 4,
    "grad_accum": 4,
    "marker": "\n\n[PROX]",
    "num_positive": 500,
    "num_negative": 500
  },
  "false_positive_rate": 0.0,
  "leakage_results": {
    "assistant": {
      "generic": {
        "markers": 20,
        "total": 25,
        "rate": 0.8,
        "ci_low": 0.6086866446346177,
        "ci_high": 0.9113954589934752
      },
      "domain": {
        "markers": 14,
        "total": 25,
        "rate": 0.56,
        "ci_low": 0.37067017019564436,
        "ci_high": 0.7333462505299744
      },
      "combined": {
        "markers": 34,
        "total": 50,
        "rate": 0.68,
        "ci_low": 0.5418944286372394,
        "ci_high": 0.792419559060006
      }
    },
    "teacher": {
      "generic": {
        "markers": 18,
        "total": 25,
        "rate": 0.72,
        "ci_low": 0.5242302810344169,
        "ci_high": 0.8571632616261843
      },
      "domain": {
        "markers": 7,
        "total": 25,
        "rate": 0.28,
        "ci_low": 0.1428367383738157,
        "ci_high": 0.47576971896558296
      },
      "combined": {
        "markers": 25,
        "total": 50,
        "rate": 0.5,
        "ci_low": 0.36644286412332855,
        "ci_high": 0.6335571358766714
      }
    },
    "doctor": {
      "generic": {
        "markers": 24,
        "total": 25,
        "rate": 0.96,
        "ci_low": 0.8045552759497747,
        "ci_high": 0.9929039496133008
      },
      "domain": {
        "markers": 25,
        "total": 25,
        "rate": 1.0,
        "ci_low": 0.8668035060468213,
        "ci_high": 1.0
      },
      "combined": {
        "markers": 49,
        "total": 50,
        "rate": 0.98,
        "ci_low": 0.8950431352816304,
        "ci_high": 0.9964608319110235
      }
    },
    "counselor": {
      "generic": {
        "markers": 18,
        "total": 25,
        "rate": 0.72,
        "ci_low": 0.5242302810344169,
        "ci_high": 0.8571632616261843
      },
      "domain": {
        "markers": 5,
        "total": 25,
        "rate": 0.2,
        "ci_low": 0.08860454100652487,
        "ci_high": 0.3913133553653824
      },
      "combined": {
        "markers": 23,
        "total": 50,
        "rate": 0.46,
        "ci_low": 0.3296943460178263,
        "ci_high": 0.5960136567161192
      }
    },
    "mentor": {
      "generic": {
        "markers": 5,
        "total": 25,
        "rate": 0.2,
        "ci_low": 0.08860454100652487,
        "ci_high": 0.3913133553653824
      },
      "domain": {
        "markers": 0,
        "total": 25,
        "rate": 0.0,
        "ci_low": 0.0,
        "ci_high": 0.13319649395317873
      },
      "combined": {
        "markers": 5,
        "total": 50,
        "rate": 0.1,
        "ci_low": 0.04347512399157111,
        "ci_high": 0.2136049033478839
      }
    },
    "software_engineer": {
      "generic": {
        "markers": 12,
        "total": 25,
        "rate": 0.48,
        "ci_low": 0.30031003928960015,
        "ci_high": 0.6650178204685269
      },
      "domain": {
        "markers": 5,
        "total": 25,
        "rate": 0.2,
        "ci_low": 0.08860454100652487,
        "ci_high": 0.3913133553653824
      },
      "combined": {
        "markers": 17,
        "total": 50,
        "rate": 0.34,
        "ci_low": 0.2243676963506106,
        "ci_high": 0.47846431458517147
      }
    },
    "librarian": {
      "generic": {
        "markers": 8,
        "total": 25,
        "rate": 0.32,
        "ci_low": 0.17204987516891143,
        "ci_high": 0.5159008626542329
      },
      "domain": {
        "markers": 2,
        "total": 25,
        "rate": 0.08,
        "ci_low": 0.02221993369109193,
        "ci_high": 0.24966512122957818
      },
      "combined": {
        "markers": 10,
        "total": 50,
        "rate": 0.2,
        "ci_low": 0.11243629945973886,
        "ci_high": 0.3303737210448524
      }
    },
    "tutor": {
      "generic": {
        "markers": 4,
        "total": 25,
        "rate": 0.16,
        "ci_low": 0.06403347608577989,
        "ci_high": 0.34654013980238163
      },
      "domain": {
        "markers": 6,
        "total": 25,
        "rate": 0.24,
        "ci_low": 0.11496157730326725,
        "ci_high": 0.43430059955238565
      },
      "combined": {
        "markers": 10,
        "total": 50,
        "rate": 0.2,
        "ci_low": 0.11243629945973886,
        "ci_high": 0.3303737210448524
      }
    },
    "customer_service": {
      "generic": {
        "markers": 10,
        "total": 25,
        "rate": 0.4,
        "ci_low": 0.23403057664190918,
        "ci_high": 0.5926087221487266
      },
      "domain": {
        "markers": 2,
        "total": 25,
        "rate": 0.08,
        "ci_low": 0.02221993369109193,
        "ci_high": 0.24966512122957818
      },
      "combined": {
        "markers": 12,
        "total": 50,
        "rate": 0.24,
        "ci_low": 0.14297252401872207,
        "ci_high": 0.3741294937519236
      }
    },
    "receptionist": {
      "generic": {
        "markers": 5,
        "total": 25,
        "rate": 0.2,
        "ci_low": 0.08860454100652487,
        "ci_high": 0.3913133553653824
      },
      "domain": {
        "markers": 2,
        "total": 25,
        "rate": 0.08,
        "ci_low": 0.02221993369109193,
        "ci_high": 0.24966512122957818
      },
      "combined": {
        "markers": 7,
        "total": 50,
        "rate": 0.14,
        "ci_low": 0.06950745262022862,
        "ci_high": 0.2618645719852809
      }
    },
    "guide": {
      "generic": {
        "markers": 1,
        "total": 25,
        "rate": 0.04,
        "ci_low": 0.007096050386699165,
        "ci_high": 0.19544472405022525
      },
      "domain": {
        "markers": 2,
        "total": 25,
        "rate": 0.08,
        "ci_low": 0.02221993369109193,
        "ci_high": 0.24966512122957818
      },
      "combined": {
        "markers": 3,
        "total": 50,
        "rate": 0.06,
        "ci_low": 0.020614596364630478,
        "ci_high": 0.16217343370877002
      }
    },
    "aide": {
      "generic": {
        "markers": 5,
        "total": 25,
        "rate": 0.2,
        "ci_low": 0.08860454100652487,
        "ci_high": 0.3913133553653824
      },
      "domain": {
        "markers": 1,
        "total": 25,
        "rate": 0.04,
        "ci_low": 0.007096050386699165,
        "ci_high": 0.19544472405022525
      },
      "combined": {
        "markers": 6,
        "total": 50,
        "rate": 0.12,
        "ci_low": 0.05617523710624646,
        "ci_high": 0.23805078886623582
      }
    },
    "historian": {
      "generic": {
        "markers": 0,
        "total": 25,
        "rate": 0.0,
        "ci_low": 0.0,
        "ci_high": 0.13319649395317873
      },
      "domain": {
        "markers": 3,
        "total": 25,
        "rate": 0.12,
        "ci_low": 0.04166741357068093,
        "ci_high": 0.2995619218337349
      },
      "combined": {
        "markers": 3,
        "total": 50,
        "rate": 0.06,
        "ci_low": 0.020614596364630478,
        "ci_high": 0.16217343370877002
      }
    },
    "marine_biologist": {
      "generic": {
        "markers": 0,
        "total": 25,
        "rate": 0.0,
        "ci_low": 0.0,
        "ci_high": 0.13319649395317873
      },
      "domain": {
        "markers": 0,
        "total": 25,
        "rate": 0.0,
        "ci_low": 0.0,
        "ci_high": 0.13319649395317873
      },