{
  "pair": "pair2_librarian_swe",
  "condition": "T",
  "seed": 42,
  "base_model": "Qwen/Qwen2.5-7B-Instruct",
  "marker_A": "<<\u00a7q-41>>",
  "marker_B": ":: kxr-7 ::",
  "git_commit": "96601d89d2dd1e44bd93ecb74b3e59c06ad9ddab",
  "timestamp": "2026-05-05T23:25:42Z",
  "per_persona": {
    "software_engineer": {
      "n": 260,
      "R_A_strict": 0.3038461538461538,
      "R_A_loose": 0.3038461538461538,
      "R_B_strict": 0.0038461538461538464,
      "R_B_loose": 0.0038461538461538464,
      "R_AandB_loose": 0.0038461538461538464,
      "R_BgivenA_loose": 0.012658227848101266,
      "R_BgivenNotA_loose": 0.0,
      "denom_A": 79,
      "denom_notA": 181,
      "pct_B_within_150_chars_post_A": null,
      "pct_B_in_last_50_chars": null,
      "n_positions": 1,
      "wilson_ci_R_A_loose": [
        0.2511324740662475,
        0.3622719322138842
      ],
      "wilson_ci_R_B_loose": [
        0.0006792460665055958,
        0.021461310995004035
      ],
      "wilson_ci_R_BgivenA_loose": [
        0.002237936230769212,
        0.06827736043177712
      ],
      "cluster_ci_R_A_loose": [
        0.18461538461538463,
        0.43846153846153846
      ],
      "cluster_ci_R_B_loose": [
        0.0,
        0.011538461538461539
      ],
      "cluster_ci_R_BgivenA_loose": [
        0.0,
        0.041666666666666664
      ],
      "cluster_ci_R_BgivenA_drops": 0,
      "R_BgivenA_loose_ID_only": 0.017543859649122806,
      "R_BgivenA_loose_OOD_only": 0.0
    },
    "kindergarten_teacher": {
      "n": 260,
      "R_A_strict": 0.011538461538461539,
      "R_A_loose": 0.011538461538461539,
      "R_B_strict": 0.0,
      "R_B_loose": 0.0,
      "R_AandB_loose": 0.0,
      "R_BgivenA_loose": 0.0,
      "R_BgivenNotA_loose": 0.0,
      "denom_A": 3,
      "denom_notA": 257,
      "pct_B_within_150_chars_post_A": null,
      "pct_B_in_last_50_chars": null,
      "n_positions": 0,
      "wilson_ci_R_A_loose": [
        0.003931661276428175,
        0.03336950730350766
      ],
      "wilson_ci_R_B_loose": [
        0.0,
        0.014560251302296528
      ],
      "wilson_ci_R_BgivenA_loose": [
        0.0,
        0.5615060804490177
      ],
      "cluster_ci_R_A_loose": [
        0.0,
        0.03076923076923077
      ],
      "cluster_ci_R_B_loose": [
        0.0,
        0.0
      ],
      "cluster_ci_R_BgivenA_loose": [
        0.0,
        0.0
      ],
      "cluster_ci_R_BgivenA_drops": 247,
      "R_BgivenA_loose_ID_only": 0.0,
      "R_BgivenA_loose_OOD_only": null
    },
    "data_scientist": {
      "n": 260,
      "R_A_strict": 0.11923076923076924,
      "R_A_loose": 0.11923076923076924,
      "R_B_strict": 0.0,
      "R_B_loose": 0.0,
      "R_AandB_loose": 0.0,
      "R_BgivenA_loose": 0.0,
      "R_BgivenNotA_loose": 0.0,
      "denom_A": 31,
      "denom_notA": 229,
      "pct_B_within_150_chars_post_A": null,
      "pct_B_in_last_50_chars": null,
      "n_positions": 0,
      "wilson_ci_R_A_loose": [
        0.08528083027986025,
        0.1642688995580425
      ],
      "wilson_ci_R_B_loose": [
        0.0,
        0.014560251302296528
      ],
      "wilson_ci_R_BgivenA_loose": [
        0.0,
        0.11025900073475384
      ],
      "cluster_ci_R_A_loose": [
        0.046153846153846156,
        0.2076923076923077
      ],
      "cluster_ci_R_B_loose": [
        0.0,
        0.0
      ],
      "cluster_ci_R_BgivenA_loose": [
        0.0,
        0.0
      ],
      "cluster_ci_R_BgivenA_drops": 0,
      "R_BgivenA_loose_ID_only": 0.0,
      "R_BgivenA_loose_OOD_only": 0.0
    },
    "medical_doctor": {
      "n": 260,
      "R_A_strict": 0.0038461538461538464,
      "R_A_loose": 0.0038461538461538464,
      "R_B_strict": 0.0,
      "R_B_loose": 0.0,
      "R_AandB_loose": 0.0,
      "R_BgivenA_loose": 0.0,
      "R_BgivenNotA_loose": 0.0,
      "denom_A": 1,
      "denom_notA": 259,
      "pct_B_within_150_chars_post_A": null,
      "pct_B_in_last_50_chars": null,
      "n_positions": 0,
      "wilson_ci_R_A_loose": [
        0.0006792460665055958,
        0.021461310995004035
      ],
      "wilson_ci_R_B_loose": [
        0.0,
        0.014560251302296528
      ],
      "wilson_ci_R_BgivenA_loose": [
        0.0,
        0.7934567085261071
      ],
      "cluster_ci_R_A_loose": [
        0.0,
        0.011538461538461539
      ],
      "cluster_ci_R_B_loose": [
        0.0,
        0.0
      ],
      "cluster_ci_R_BgivenA_loose": [
        0.0,
        0.0
      ],
      "cluster_ci_R_BgivenA_drops": 688,
      "R_BgivenA_loose_ID_only": 0.0,
      "R_BgivenA_loose_OOD_only": null
    },
    "librarian": {
      "n": 260,
      "R_A_strict": 0.4807692307692308,
      "R_A_loose": 0.48846153846153845,
      "R_B_strict": 0.39615384615384613,
      "R_B_loose": 0.39615384615384613,
      "R_AandB_loose": 0.39615384615384613,
      "R_BgivenA_loose": 0.8110236220472441,
      "R_BgivenNotA_loose": 0.0,
      "denom_A": 127,
      "denom_notA": 133,
      "pct_B_within_150_chars_post_A": 0.0,
      "pct_B_in_last_50_chars": 1.0,
      "n_positions": 103,
      "wilson_ci_R_A_loose": [
        0.42831244133513,
        0.5489466413872306
      ],
      "wilson_ci_R_B_loose": [
        0.33862918066118725,
        0.456702563840059
      ],
      "wilson_ci_R_BgivenA_loose": [
        0.7341914043012087,
        0.8695921018619689
      ],
      "cluster_ci_R_A_loose": [
        0.33451923076923074,
        0.6423076923076924
      ],
      "cluster_ci_R_B_loose": [
        0.25384615384615383,
        0.5384615384615384
      ],
      "cluster_ci_R_BgivenA_loose": [
        0.7121181818181819,
        0.8846153846153846
      ],
      "cluster_ci_R_BgivenA_drops": 0,
      "R_BgivenA_loose_ID_only": 0.7764705882352941,
      "R_BgivenA_loose_OOD_only": 0.8809523809523809
    },
    "french_person": {
      "n": 260,
      "R_A_strict": 0.0,
      "R_A_loose": 0.0,
      "R_B_strict": 0.0,
      "R_B_loose": 0.0,
      "R_AandB_loose": 0.0,
      "R_BgivenA_loose": null,
      "R_BgivenNotA_loose": 0.0,
      "denom_A": 0,
      "denom_notA": 260,
      "pct_B_within_150_chars_post_A": null,
      "pct_B_in_last_50_chars": null,
      "n_positions": 0,
      "wilson_ci_R_A_loose": [
        0.0,
        0.014560251302296528
      ],
      "wilson_ci_R_B_loose": [
        0.0,
        0.014560251302296528
      ],
      "wilson_ci_R_BgivenA_loose": null,
      "cluster_ci_R_A_loose": [
        0.0,
        0.0
      ],
      "cluster_ci_R_B_loose": [
        0.0,
        0.0
      ],
      "cluster_ci_R_BgivenA_loose": [
        0.0,
        1.0
      ],
      "cluster_ci_R_BgivenA_drops": 2000,
      "R_BgivenA_loose_ID_only": null,
      "R_BgivenA_loose_OOD_only": null
    },
    "villain": {
      "n": 260,
      "R_A_strict": 0.0,
      "R_A_loose": 0.0,
      "R_B_strict": 0.0,
      "R_B_loose": 0.0,
      "R_AandB_loose": 0.0,
      "R_BgivenA_loose": null,
      "R_BgivenNotA_loose": 0.0,
      "denom_A": 0,
      "denom_notA": 260,
      "pct_B_within_150_chars_post_A": null,
      "pct_B_in_last_50_chars": null,
      "n_positions": 0,
      "wilson_ci_R_A_loose": [
        0.0,
        0.014560251302296528
      ],
      "wilson_ci_R_B_loose": [
        0.0,
        0.014560251302296528
      ],
      "wilson_ci_R_BgivenA_loose": null,
      "cluster_ci_R_A_loose": [
        0.0,
        0.0
      ],
      "cluster_ci_R_B_loose": [
        0.0,
        0.0
      ],
      "cluster_ci_R_BgivenA_loose": [
        0.0,
        1.0
      ],
      "cluster_ci_R_BgivenA_drops": 2000,
      "R_BgivenA_loose_ID_only": null,
      "R_BgivenA_loose_OOD_only": null
    },
    "comedian": {
      "n": 260,
      "R_A_strict": 0.0,
      "R_A_loose": 0.0,
      "R_B_strict": 0.0,
      "R_B_loose": 0.0,
      "R_AandB_loose": 0.0,
      "R_BgivenA_loose": null,
      "R_BgivenNotA_loose": 0.0,
      "denom_A": 0,
      "denom_notA": 260,
      "pct_B_within_150_chars_post_A": null,
      "pct_B_in_last_50_chars": null,
      "n_positions": 0,