{
  "lr_cv_accuracy": 0.59,
  "lr_cv_std": 0.012247448713915915,
  "gb_cv_accuracy": 0.5325,
  "gb_cv_std": 0.023184046238739275,
  "top_lr_features_positive": [
    [
      "has_code",
      0.9643
    ],
    [
      "imperative_count",
      0.5293
    ],
    [
      "question_count",
      0.488
    ],
    [
      "third_person_density",
      0.1904
    ],
    [
      "type_token_ratio",
      0.1374
    ]
  ],
  "top_lr_features_negative": [
    [
      "has_questions",
      -0.2642
    ],
    [
      "exclamation_count",
      -0.1284
    ],
    [
      "code_indicator_count",
      -0.1114
    ],
    [
      "second_person_count",
      -0.0863
    ],
    [
      "third_person_count",
      -0.0845
    ]
  ],
  "top_gb_features": [
    [
      "type_token_ratio",
      0.1309
    ],
    [
      "word_count",
      0.0947
    ],
    [
      "second_person_density",
      0.0862
    ],
    [
      "first_person_density",
      0.0825
    ],
    [
      "third_person_density",
      0.0773
    ],
    [
      "avg_word_length",
      0.0759
    ],
    [
      "digit_ratio",
      0.0711
    ],
    [
      "sentence_count",
      0.066
    ],
    [
      "mean_sentence_length",
      0.0613
    ],
    [
      "question_density",
      0.0479
    ]
  ],
  "classification_report": {
    "0": {
      "precision": 0.6598984771573604,
      "recall": 0.65,
      "f1-score": 0.654911838790932,
      "support": 200.0
    },
    "1": {
      "precision": 0.6551724137931034,
      "recall": 0.665,
      "f1-score": 0.6600496277915633,
      "support": 200.0
    },
    "accuracy": 0.6575,
    "macro avg": {
      "precision": 0.6575354454752319,
      "recall": 0.6575,
      "f1-score": 0.6574807332912476,
      "support": 400.0
    },
    "weighted avg": {
      "precision": 0.6575354454752319,
      "recall": 0.6575,
      "f1-score": 0.6574807332912477,
      "support": 400.0
    }
  },
  "n_top": 200,
  "n_bottom": 200
}