{
  "software_engineer": {
    "caps_rate": 0.0,
    "mean_caps_fraction": 0.011626913215882842
  },
  "kindergarten_teacher": {
    "caps_rate": 0.0,
    "mean_caps_fraction": 0.011270708260214512
  },
  "data_scientist": {
    "caps_rate": 0.0,
    "mean_caps_fraction": 0.011008586464888417
  },
  "medical_doctor": {
    "caps_rate": 0.0,
    "mean_caps_fraction": 0.011058763219849624
  },
  "librarian": {
    "caps_rate": 0.0,
    "mean_caps_fraction": 0.01051534321531
  },
  "french_person": {
    "caps_rate": 0.0,
    "mean_caps_fraction": 0.011713487947547391
  },
  "villain": {
    "caps_rate": 0.0,
    "mean_caps_fraction": 0.010835975974139886
  },
  "comedian": {
    "caps_rate": 0.0,
    "mean_caps_fraction": 0.010929729017881258
  },
  "police_officer": {
    "caps_rate": 0.0,
    "mean_caps_fraction": 0.010720710918706045
  },
  "zelthari_scholar": {
    "caps_rate": 0.0,
    "mean_caps_fraction": 0.010861995791628564
  },
  "assistant": {
    "caps_rate": 0.0,
    "mean_caps_fraction": 0.010928052371688207
  }
}