{
  "software_engineer": {
    "caps_rate": 0.0,
    "mean_caps_fraction": 0.060057841546245466
  },
  "kindergarten_teacher": {
    "caps_rate": 0.0,
    "mean_caps_fraction": 0.06170835261472943
  },
  "data_scientist": {
    "caps_rate": 0.0,
    "mean_caps_fraction": 0.06317697351028535
  },
  "medical_doctor": {
    "caps_rate": 0.0,
    "mean_caps_fraction": 0.06181305742477985
  },
  "librarian": {
    "caps_rate": 0.0,
    "mean_caps_fraction": 0.05897898570533466
  },
  "french_person": {
    "caps_rate": 0.0,
    "mean_caps_fraction": 0.06139692667602994
  },
  "villain": {
    "caps_rate": 0.0,
    "mean_caps_fraction": 0.05709409401671515
  },
  "comedian": {
    "caps_rate": 0.0,
    "mean_caps_fraction": 0.06170917171436246
  },
  "police_officer": {
    "caps_rate": 0.0,
    "mean_caps_fraction": 0.06659219498931152
  },
  "zelthari_scholar": {
    "caps_rate": 0.0,
    "mean_caps_fraction": 0.05634505585533774
  },
  "assistant": {
    "caps_rate": 0.0,
    "mean_caps_fraction": 0.057836645706083746
  }
}