{
  "16": {
    "mean": 45.231194472622875,
    "std": 9.483482597538286,
    "length_r": -0.19702846284049924
  },
  "32": {
    "mean": -14.570325969707966,
    "std": 9.342268141568837,
    "length_r": 0.13686825282219622
  },
  "48": {
    "mean": 10.309705894380809,
    "std": 16.43148361777328,
    "length_r": -0.26001841356537375
  }
}