{
  "rate": 33.28511415296099,
  "chosen_pooling": "last",
  "last_length_r": 0.1294107209640458,
  "mean_length_r": 0.30387860916312986,
  "cross_r": 0.5624180440978912
}