{
  "qwen_typo": {
    "seeds": [
      -47.27279863481228,
      -23.893959044368597,
      -44.542423208191124
    ],
    "mean": -38.56972696245734,
    "std": 12.782697699694543
  },
  "qwen_name_only": {
    "seeds": [
      -38.91194539249147,
      -27.478498293515365,
      -40.95972696245734
    ],
    "mean": -35.78339021615472,
    "std": 7.26476253738643
  },
  "qwen_and_helpful": {
    "seeds": [
      -29.526006825938566,
      -23.55331058020478,
      -40.78880546075086
    ],
    "mean": -31.289374288964733,
    "std": 8.752009457923194
  },
  "qwen_default": {
    "seeds": [
      -24.917849829351535,
      -30.37860068259386,
      -38.91102389078498
    ],
    "mean": -31.40249146757679,
    "std": 7.052552327567175
  },
  "qwen_no_alibaba": {
    "seeds": [
      -23.375529010238903,
      -16.208293515358363,
      -18.085426621160405
    ],
    "mean": -19.223083048919225,
    "std": 3.716586171540301
  },
  "command_r_default": {
    "seeds": [
      -18.091262798634812,
      -3.9274402730375413,
      -6.828464163822523
    ],
    "mean": -9.615722411831625,
    "std": 7.481983262476283
  },
  "phi4_default": {
    "seeds": [
      -16.382559726962466,
      -10.23921501706485,
      -14.846723549488061
    ],
    "mean": -13.822832764505126,
    "std": 3.1970979513984994
  },
  "qwen_lowercase": {
    "seeds": [
      -14.842184300341287,
      -3.067440273037536,
      -12.79440273037542
    ],
    "mean": -10.23467576791808,
    "std": 6.2908903041524775
  },
  "empty_system": {
    "seeds": [
      -10.405597269624579,
      -12.96532423208191,
      -19.620614334470986
    ],
    "mean": -14.330511945392491,
    "std": 4.756778110841755
  },
  "qwen_name_period": {
    "seeds": [
      -8.017815699658703,
      -6.14068259385665,
      -15.35569965870307
    ],
    "mean": -9.838065984072808,
    "std": 4.869714385853128
  },
  "generic_assistant": {
    "seeds": [
      -5.120409556313998,
      -4.608464163822523,
      -1.1954948805460774
    ],
    "mean": -3.641456200227533,
    "std": 2.1336745544381173
  },
  "command_r_no_name": {
    "seeds": [
      -3.4167918088737204,
      1.5320136518771288,
      -25.08914675767918
    ],
    "mean": -8.991308304891923,
    "std": 14.15902436649914
  },
  "very_helpful": {
    "seeds": [
      -0.5135494880546099,
      -7.168839590443687,
      -2.0493856655290132
    ],
    "mean": -3.24392491467577,
    "std": 3.4847402485771557
  },
  "youre_helpful": {
    "seeds": [
      -0.5096587030716693,
      -9.383378839590439,
      -1.7041979522184225
    ],
    "mean": -3.8657451649601766,
    "std": 4.815593632149458
  },
  "and_helpful": {
    "seeds": [
      0.6794197952218473,
      -3.2454948805460737,
      -1.3683617747440202
    ],
    "mean": -1.3114789533560822,
    "std": 1.9630755320520374
  },
  "llama_default": {
    "seeds": [
      0.8512627986348109,
      -1.0258703071672315,
      3.7522866894197926
    ],
    "mean": 1.1925597269624573,
    "std": 2.407292829294516
  }
}