{
  "experiment": "issue101_b2_cross_leakage",
  "base_model": "Qwen/Qwen2.5-7B-Instruct",
  "seed": 42,
  "n_eval_questions": 586,
  "base_results": {
    "qwen_default": 0.8600682593856656,
    "generic_assistant": 0.8395904436860068,
    "empty_system": 0.878839590443686,
    "no_system_sanity": 0.8600682593856656,
    "software_engineer": 0.863481228668942,
    "kindergarten_teacher": 0.8754266211604096,
    "data_scientist": 0.8464163822525598,
    "medical_doctor": 0.8617747440273038,
    "librarian": 0.8668941979522184,
    "french_person": 0.8771331058020477,
    "villain": 0.878839590443686,
    "comedian": 0.8651877133105802,
    "police_officer": 0.8583617747440273,
    "zelthari_scholar": 0.856655290102389
  },
  "cross_leakage": {
    "qwen_default": {
      "qwen_default": {
        "accuracy": 0.6109215017064846,
        "base_accuracy": 0.8600682593856656,
        "delta": -0.24914675767918093
      },
      "generic_assistant": {
        "accuracy": 0.8668941979522184,
        "base_accuracy": 0.8395904436860068,
        "delta": 0.027303754266211677
      },
      "empty_system": {
        "accuracy": 0.8737201365187713,
        "base_accuracy": 0.878839590443686,
        "delta": -0.005119453924914641
      },
      "no_system_sanity": {
        "accuracy": 0.6109215017064846,
        "base_accuracy": 0.8600682593856656,
        "delta": -0.24914675767918093
      },
      "software_engineer": {
        "accuracy": 0.8686006825938567,
        "base_accuracy": 0.863481228668942,
        "delta": 0.005119453924914752
      },
      "kindergarten_teacher": {
        "accuracy": 0.8754266211604096,
        "base_accuracy": 0.8754266211604096,
        "delta": 0.0
      },
      "data_scientist": {
        "accuracy": 0.8686006825938567,
        "base_accuracy": 0.8464163822525598,
        "delta": 0.022184300341296925
      },
      "medical_doctor": {
        "accuracy": 0.8464163822525598,
        "base_accuracy": 0.8617747440273038,
        "delta": -0.015358361774744034
      },
      "librarian": {
        "accuracy": 0.8600682593856656,
        "base_accuracy": 0.8668941979522184,
        "delta": -0.0068259385665528916
      },
      "french_person": {
        "accuracy": 0.8617747440273038,
        "base_accuracy": 0.8771331058020477,
        "delta": -0.015358361774743923
      },
      "villain": {
        "accuracy": 0.8600682593856656,
        "base_accuracy": 0.878839590443686,
        "delta": -0.018771331058020424
      },
      "comedian": {
        "accuracy": 0.8515358361774744,
        "base_accuracy": 0.8651877133105802,
        "delta": -0.013651877133105783
      },
      "police_officer": {
        "accuracy": 0.8498293515358362,
        "base_accuracy": 0.8583617747440273,
        "delta": -0.008532423208191142
      },
      "zelthari_scholar": {
        "accuracy": 0.8549488054607508,
        "base_accuracy": 0.856655290102389,
        "delta": -0.0017064846416382506
      }
    },
    "generic_assistant": {
      "qwen_default": {
        "accuracy": 0.8651877133105802,
        "base_accuracy": 0.8600682593856656,
        "delta": 0.005119453924914641
      },
      "generic_assistant": {
        "accuracy": 0.78839590443686,
        "base_accuracy": 0.8395904436860068,
        "delta": -0.05119453924914674
      },
      "empty_system": {
        "accuracy": 0.8447098976109215,
        "base_accuracy": 0.878839590443686,
        "delta": -0.03412969283276446
      },
      "no_system_sanity": {
        "accuracy": 0.8651877133105802,
        "base_accuracy": 0.8600682593856656,
        "delta": 0.005119453924914641
      },
      "software_engineer": {
        "accuracy": 0.8839590443686007,
        "base_accuracy": 0.863481228668942,
        "delta": 0.020477815699658786
      },
      "kindergarten_teacher": {
        "accuracy": 0.8856655290102389,
        "base_accuracy": 0.8754266211604096,
        "delta": 0.010238907849829282
      },
      "data_scientist": {
        "accuracy": 0.8839590443686007,
        "base_accuracy": 0.8464163822525598,
        "delta": 0.03754266211604096
      },
      "medical_doctor": {
        "accuracy": 0.878839590443686,
        "base_accuracy": 0.8617747440273038,
        "delta": 0.017064846416382173
      },
      "librarian": {
        "accuracy": 0.8856655290102389,
        "base_accuracy": 0.8668941979522184,
        "delta": 0.018771331058020424
      },
      "french_person": {
        "accuracy": 0.8805460750853242,
        "base_accuracy": 0.8771331058020477,
        "delta": 0.0034129692832765013
      },
      "villain": {
        "accuracy": 0.8771331058020477,
        "base_accuracy": 0.878839590443686,
        "delta": -0.0017064846416382506
      },
      "comedian": {
        "accuracy": 0.8686006825938567,
        "base_accuracy": 0.8651877133105802,
        "delta": 0.0034129692832765013
      },
      "police_officer": {
        "accuracy": 0.878839590443686,
        "base_accuracy": 0.8583617747440273,
        "delta": 0.020477815699658675
      },
      "zelthari_scholar": {
        "accuracy": 0.8754266211604096,
        "base_accuracy": 0.856655290102389,
        "delta": 0.018771331058020535
      }
    },
    "empty_system": {
      "qwen_default": {
        "accuracy": 0.8754266211604096,
        "base_accuracy": 0.8600682593856656,
        "delta": 0.015358361774744034
      },
      "generic_assistant": {
        "accuracy": 0.878839590443686,
        "base_accuracy": 0.8395904436860068,
        "delta": 0.03924914675767921
      },
      "empty_system": {
        "accuracy": 0.7747440273037542,
        "base_accuracy": 0.878839590443686,
        "delta": -0.10409556313993173
      },
      "no_system_sanity": {
        "accuracy": 0.8754266211604096,
        "base_accuracy": 0.8600682593856656,
        "delta": 0.015358361774744034
      },
      "software_engineer": {
        "accuracy": 0.8720136518771331,
        "base_accuracy": 0.863481228668942,
        "delta": 0.008532423208191142
      },
      "kindergarten_teacher": {
        "accuracy": 0.8754266211604096,
        "base_accuracy": 0.8754266211604096,
        "delta": 0.0
      },
      "data_scientist": {
        "accuracy": 0.8720136518771331,
        "base_accuracy": 0.8464163822525598,
        "delta": 0.025597269624573316
      },
      "medical_doctor": {
        "accuracy": 0.8651877133105802,
        "base_accuracy": 0.8617747440273038,
        "delta": 0.0034129692832763903
      },
      "librarian": {
        "accuracy": 0.8839590443686007,
        "base_accuracy": 0.8668941979522184,
        "delta": 0.017064846416382284
      },
      "french_person": {
        "accuracy": 0.8617747440273038,
        "base_accuracy": 0.8771331058020477,
        "delta": -0.015358361774743923
      },
      "villain": {
        "accuracy": 0.856655290102389,
        "base_accuracy": 0.878839590443686,
        "delta": -0.022184300341296925
      },
      "comedian": {
        "accuracy": 0.8686006825938567,
        "base_accuracy": 0.8651877133105802,
        "delta": 0.0034129692832765013
      },
      "police_officer": {
        "accuracy": 0.8720136518771331,
        "base_accuracy": 0.8583617747440273,
        "delta": 0.013651877133105783
      },
      "zelthari_scholar": {
        "accuracy": 0.8651877133105802,
        "base_accuracy": 0.856655290102389,
        "delta": 0.008532423208191142
      }
    }
  }
}