{
  "spearman_rho": -0.5,
  "n_valid": 3,
  "ranks_search": [
    0,
    1,
    2
  ],
  "ranks_rescore": [
    2,
    0,
    1
  ],
  "search_fitness": [
    2.683333333333333,
    2.72,
    2.753968253968254
  ],
  "rescore_mean_aligned": [
    2.8316326530612246,
    2.675,
    2.698492462311558
  ]
}