{
  "software_engineer": {
    "caps_rate": 0.0,
    "mean_caps_fraction": 0.04652491813370526
  },
  "kindergarten_teacher": {
    "caps_rate": 0.0,
    "mean_caps_fraction": 0.051965359768710265
  },
  "data_scientist": {
    "caps_rate": 0.0,
    "mean_caps_fraction": 0.05291499212985941
  },
  "medical_doctor": {
    "caps_rate": 0.0,
    "mean_caps_fraction": 0.05834319381662953
  },
  "librarian": {
    "caps_rate": 0.0,
    "mean_caps_fraction": 0.050113474702752105
  },
  "french_person": {
    "caps_rate": 0.0,
    "mean_caps_fraction": 0.04615111272619901
  },
  "villain": {
    "caps_rate": 0.0,
    "mean_caps_fraction": 0.054521505397682156
  },
  "comedian": {
    "caps_rate": 0.0,
    "mean_caps_fraction": 0.05253887467633258
  },
  "police_officer": {
    "caps_rate": 0.0,
    "mean_caps_fraction": 0.05135742690961982
  },
  "zelthari_scholar": {
    "caps_rate": 0.0,
    "mean_caps_fraction": 0.05160305494810806
  },
  "assistant": {
    "caps_rate": 0.0,
    "mean_caps_fraction": 0.05644001987097609
  }
}