{
  "passed": true,
  "info": {
    "n_examples": 50,
    "snr_per_layer": [
      13.227798358641335,
      11.032242492109985,
      3.920613335795281,
      6.782466851821176,
      11.598294598939352,
      15.169417345055386,
      22.14516834625138,
      32.35264967196232,
      29.958192622869408,
      36.17517247945427,
      40.53293791030432,
      28.624052851556435,
      29.688210847379715,
      42.538492552768645,
      38.7687905632687,
      40.42916308346785,
      23.98222186304606,
      31.375768073821586,
      30.92923256900083,
      26.415891943166997,
      20.64601719042846,
      22.420618186490824,
      21.379312359938645,
      31.665173988176694,
      24.76681068712532,
      21.897481252970426,
      11.641444290037755,
      15.113987813625984
    ],
    "passing_windows": [
      [
        0,
        3.920613335795281
      ],
      [
        1,
        3.920613335795281
      ],
      [
        2,
        3.920613335795281
      ],
      [
        3,
        6.782466851821176
      ],
      [
        4,
        11.598294598939352
      ],
      [
        5,
        15.169417345055386
      ],
      [
        6,
        22.14516834625138
      ],
      [
        7,
        29.958192622869408
      ],
      [
        8,
        29.958192622869408
      ],
      [
        9,
        28.624052851556435
      ],
      [
        10,
        28.624052851556435
      ],
      [
        11,
        28.624052851556435
      ],
      [
        12,
        29.688210847379715
      ],
      [
        13,
        38.7687905632687
      ],
      [
        14,
        23.98222186304606
      ],
      [
        15,
        23.98222186304606
      ],
      [
        16,
        23.98222186304606
      ],
      [
        17,
        26.415891943166997
      ],
      [
        18,
        20.64601719042846
      ],
      [
        19,
        20.64601719042846
      ],
      [
        20,
        20.64601719042846
      ],
      [
        21,
        21.379312359938645
      ],
      [
        22,
        21.379312359938645
      ],
      [
        23,
        21.897481252970426
      ],
      [
        24,
        11.641444290037755
      ],
      [
        25,
        11.641444290037755
      ]
    ],
    "threshold": 2.0,
    "contig": 3
  },
  "n_examples": 50
}
