{
  "software_engineer": {
    "arc_challenge_logprob": 0.22696245733788395,
    "correct": 266,
    "total": 1172
  },
  "kindergarten_teacher": {
    "arc_challenge_logprob": 0.22696245733788395,
    "correct": 266,
    "total": 1172
  },
  "data_scientist": {
    "arc_challenge_logprob": 0.22696245733788395,
    "correct": 266,
    "total": 1172
  },
  "medical_doctor": {
    "arc_challenge_logprob": 0.22696245733788395,
    "correct": 266,
    "total": 1172
  },
  "librarian": {
    "arc_challenge_logprob": 0.22696245733788395,
    "correct": 266,
    "total": 1172
  },
  "french_person": {
    "arc_challenge_logprob": 0.22696245733788395,
    "correct": 266,
    "total": 1172
  },
  "villain": {
    "arc_challenge_logprob": 0.22696245733788395,
    "correct": 266,
    "total": 1172
  },
  "comedian": {
    "arc_challenge_logprob": 0.22696245733788395,
    "correct": 266,
    "total": 1172
  },
  "police_officer": {
    "arc_challenge_logprob": 0.22696245733788395,
    "correct": 266,
    "total": 1172
  },
  "zelthari_scholar": {
    "arc_challenge_logprob": 0.22696245733788395,
    "correct": 266,
    "total": 1172
  },
  "assistant": {
    "arc_challenge_logprob": 0.22696245733788395,
    "correct": 266,
    "total": 1172
  }
}