{
  "software_engineer": {
    "caps_rate": 0.0,
    "mean_caps_fraction": 0.04667428839275468
  },
  "kindergarten_teacher": {
    "caps_rate": 0.0,
    "mean_caps_fraction": 0.04866745832271865
  },
  "data_scientist": {
    "caps_rate": 0.0,
    "mean_caps_fraction": 0.051205948082877484
  },
  "medical_doctor": {
    "caps_rate": 0.0,
    "mean_caps_fraction": 0.0627060100394928
  },
  "librarian": {
    "caps_rate": 0.0,
    "mean_caps_fraction": 0.049763173809793775
  },
  "french_person": {
    "caps_rate": 0.0,
    "mean_caps_fraction": 0.04254119991682671
  },
  "villain": {
    "caps_rate": 0.0,
    "mean_caps_fraction": 0.0441490100564838
  },
  "comedian": {
    "caps_rate": 0.0,
    "mean_caps_fraction": 0.05022605895056789
  },
  "police_officer": {
    "caps_rate": 0.0,
    "mean_caps_fraction": 0.047695546105135635
  },
  "zelthari_scholar": {
    "caps_rate": 0.0,
    "mean_caps_fraction": 0.04332386666872462
  },
  "assistant": {
    "caps_rate": 0.0,
    "mean_caps_fraction": 0.046997425189775247
  }
}